country,icao,name,city,latitude,longitude,is_eu_airport
FR,LF51,ORANGE-PLAN-DE-DIEU,ORANGE,44.18,4.92,0
FR,LF90,HELISTAT DIVERS 06,DIV. ALPES-MARITIMES/HEL,43.67,7.11,0
FR,LF92,HELISTAT SOPHIA ANTIPOLIS,HELISTAT SOPHIA ANTIPOLIS,43.6,7.05,0
FR,LF93,HELISTAT PRESQU'ILE ST TROPEZ,ST TROPEZ/HEL,43.21,6.48,0
FR,LF95,ISOLA 2000,HELISTAT ISOLA2000,44.18,7.15,0
FR,LF96,GRIMAUD,GRIMAUD,43.27,6.55,0
FR,LF98,HELISTAT YEU-PORT JOINVILLE,PORT-JOINVILLE,46.43,-2.2,0
FR,LFAB,DIEPPE-ST-AUBIN,DIEPPE,49.88,1.09,0
FR,LFAC,CALAIS-DUNKERQUE,CALAIS/DUNKERQUE,50.96,1.95,0
FR,LFAD,COMPIEGNE-MARGNY,COMPIEGNE,49.43,2.8,0
FR,LFAE,EU-MERS-LE TREPORT,EU,50.07,1.43,0
FR,LFAF,LAON-CHAMBRY,LAON,49.6,3.63,0
FR,LFAG,PERONNE-ST-QUENTIN,PERONNE,49.87,3.03,0
FR,LFAI,NANGIS-LES-LOGES,NANGIS,48.6,3.01,0
FR,LFAM,BERCK-SUR-MER,BERCK,50.42,1.59,0
FR,LFAO,BAGNOLES-DE-L'ORNE-COUTERNE,BAGNOLES-DE-L'ORNE,48.55,-0.38,0
FR,LFAQ,ALBERT-BRAY,ALBERT,49.97,2.69,1
FR,LFAR,MONTDIDIER,MONTDIDIER,49.67,2.57,0
FR,LFAT,LE TOUQUET-COTE D’OPALE,LE TOUQUET,50.51,1.63,0
FR,LFAV,VALENCIENNES-DENAIN,VALENCIENNES,50.32,3.47,0
FR,LFAX,MORTAGNE-AU-PERCHE,MORTAGNE-AU-PERCHE,48.54,0.53,0
FR,LFAY,AMIENS-GLISY,AMIENS,49.87,2.39,0
FR,LFBA,AGEN-LA GARENNE,AGEN,44.17,0.59,0
FR,LFBC,CAZAUX,CAZAUX,44.54,-1.13,0
FR,LFBD,BORDEAUX-MERIGNAC,BORDEAUX,44.83,-0.72,1
FR,LFBE,BERGERAC-DORDOGNE-PERIGORD,BERGERAC,44.82,0.52,0
FR,LFBF,TOULOUSE-FRANCAZAL,TOULOUSE,43.55,1.36,0
FR,LFBG,COGNAC-CHATEAUBERNARD,COGNAC,45.66,-0.32,0
FR,LFBH,LA ROCHELLE-ILE DE RE,LA ROCHELLE,46.18,-1.2,0
FR,LFBI,POITIERS-BIARD,POITIERS,46.59,0.31,0
FR,LFBJ,ST-JUNIEN,ST-JUNIEN,45.9,0.92,0
FR,LFBK,MONTLUCON-GUERET,MONTLUCON,46.23,2.36,0
FR,LFBL,LIMOGES-BELLEGARDE,LIMOGES,45.86,1.18,0
FR,LFBM,MONT-DE-MARSAN,MONT-DE-MARSAN,43.91,-0.51,0
FR,LFBN,NIORT-MARAIS POITEVIN,NIORT,46.31,-0.39,0
FR,LFBO,TOULOUSE-BLAGNAC,TOULOUSE,43.64,1.37,1
FR,LFBP,PAU-PYRENEES,PAU,43.38,-0.42,0
FR,LFBR,MURET-LHERM,MURET,43.45,1.26,0
FR,LFBS,BISCARROSSE-PARENTIS,BISCARROSSE,44.37,-1.13,0
FR,LFBT,TARBES-LOURDES-PYRENEES,TARBES/LOURDES,43.19,0.01,0
FR,LFBU,ANGOULEME-BRIE-CHAMPNIERS,ANGOULEME,45.73,0.22,0
FR,LFBX,PERIGUEUX-BASSILLAC,PERIGUEUX,45.2,0.82,0
FR,LFBZ,BIARRITZ-PAYS-BASQUE,BIARRITZ,43.47,-1.53,1
FR,LFCA,CHATELLERAULT-TARGE,CHATELLERAULT,46.78,0.55,0
FR,LFCC,CAHORS-LALBENQUE,CAHORS,44.35,1.48,0
FR,LFCD,ANDERNOS-LES-BAINS,ANDERNOS-LES-BAINS,44.76,-1.06,0
FR,LFCE,GUERET-ST-LAURENT,GUERET,46.18,1.95,0
FR,LFCF,FIGEAC-LIVERNON,FIGEAC,44.67,1.79,0
FR,LFCG,ST-GIRONS-ANTICHAN,ST-GIRONS,43.01,1.1,0
FR,LFCH,ARCACHON-LA TESTE-DE-BUCH,ARCACHON,44.6,-1.11,0
FR,LFCI,ALBI-LE SEQUESTRE,ALBI,43.91,2.11,0
FR,LFCJ,JONZAC-NEULLES,JONZAC,45.48,-0.42,0
FR,LFCK,CASTRES-MAZAMET,CASTRES,43.56,2.29,0
FR,LFCL,TOULOUSE-LASBORDES,TOULOUSE,43.59,1.5,0
FR,LFCM,MILLAU-LARZAC,MILLAU,43.99,3.18,0
FR,LFCN,NOGARO,NOGARO,43.77,-0.03,0
FR,LFCP,PONS-AVY,PONS,45.57,-0.51,0
FR,LFCQ,GRAULHET-MONTDRAGON,GRAULHET,43.77,2.01,0
FR,LFCR,RODEZ-AVEYRON,RODEZ,44.41,2.48,0
FR,LFCS,BORDEAUX-LEOGNAN-SAUCATS,BORDEAUX,44.7,-0.6,0
FR,LFCW,VILLENEUVE-SUR-LOT,VILLENEUVE-SUR-LOT,44.4,0.76,0
FR,LFCY,ROYAN-MEDIS,ROYAN,45.63,-0.98,0
FR,LFCZ,MIMIZAN,MIMIZAN,44.15,-1.16,0
FR,LFDA,AIRE-SUR-ADOUR,AIRE-SUR-L'ADOUR,43.71,-0.25,0
FR,LFDB,MONTAUBAN,MONTAUBAN,44.03,1.38,0
FR,LFDE,EGLETONS,EGLETONS,45.42,2.07,0
FR,LFDG,GAILLAC-LISLE-SUR-TARN,GAILLAC,43.88,1.87,0
FR,LFDH,AUCH-GERS,AUCH,43.69,0.6,0
FR,LFDI,LIBOURNE-ARTIGUES-DE-LUSSAC,LIBOURNE,44.99,-0.14,0
FR,LFDJ,PAMIERS-LES-PUJOLS,PAMIERS,43.09,1.7,0
FR,LFDK,SOULAC-SUR-MER,SOULAC-SUR-MER,45.49,-1.08,0
FR,LFDM,MARMANDE-VIRAZEIL,MARMANDE,44.5,0.2,0
FR,LFDN,ROCHEFORT-CHARENTE-MARITIME,ROCHEFORT,45.89,-0.98,0
FR,LFDP,ST-PIERRE-D'OLERON,ST-PIERRE-D'OLERON,45.96,-1.32,0
FR,LFDR,LA REOLE-FLOUDES,LA REOLE,44.57,-0.06,0
FR,LFDS,SARLAT-DOMME,SARLAT-LA-CANEDA,44.79,1.24,0
FR,LFDU,LESPARRE-ST-LAURENT-DE-MEDOC,LESPARRE-MEDOC,45.2,-0.88,0
FR,LFDX,FUMEL-MONTAYRAL,FUMEL,44.46,1.01,0
FR,LFEA,BELLE-ILE,BELLE ILE,47.33,-3.2,0
FR,LFEB,DINAN-TRELIVAN,DINAN,48.44,-2.1,0
FR,LFEC,OUESSANT,OUESSANT,48.46,-5.06,0
FR,LFED,PONTIVY,PONTIVY,48.06,-2.92,0
FR,LFEF,AMBOISE-DIERRE,AMBOISE,47.34,0.94,0
FR,LFEH,AUBIGNY-SUR-NERE,AUBIGNY-SUR-NERE,47.48,2.39,0
FR,LFEI,BRIARE-CHATILLON,CHATILLON-COLIGNY,47.61,2.78,0
FR,LFEL,LE BLANC,LE BLANC,46.62,1.09,0
FR,LFEM,MONTARGIS-VIMORY,MONTARGIS,47.96,2.69,0
FR,LFEQ,QUIBERON,QUIBERON,47.48,-3.1,0
FR,LFER,REDON-BAINS-SUR-OUST,REDON,47.7,-2.04,0
FR,LFES,GUISCRIFF-SCAER,GUISCRIFF,48.05,-3.66,0
FR,LFEV,GRAY-ST-ADRIEN,GRAY,47.43,5.62,0
FR,LFEW,SAULIEU-LIERNAIS,SAULIEU,47.24,4.26,0
FR,LFEY,ILE D'YEU,ILE D'YEU,46.72,-2.39,0
FR,LFFI,ANCENIS,ANCENIS,47.41,-1.18,0
FR,LFFK,FONTENAY-LE-COMTE,FONTENAY-LE-COMTE,46.44,-0.79,0
FR,LFFO,BEAUVOIR-FROMENTINE,BEAUVOIR-SUR-MER,46.89,-2.09,0
FR,LFFP,PITHIVIERS,PITHIVIERS,48.16,2.19,0
FR,LFFQ,LA FERTE-ALAIS,LA FERTE-ALAIS,48.5,2.34,0
FR,LFFU,CHATEAUNEUF-SUR-CHER,CHATEAUNEUF-SUR-CHER,46.87,2.38,0
FR,LFGA,COLMAR-HOUSSEN,COLMAR,48.11,7.36,0
FR,LFGB,MULHOUSE-HABSHEIM,MULHOUSE,47.74,7.43,0
FR,LFGC,STRASBOURG-NEUHOF,STRASBOURG,48.55,7.78,0
FR,LFGE,AVALLON,AVALLON,47.5,3.9,0
FR,LFGF,BEAUNE-CHALLANGES,BEAUNE,47.01,4.9,0
FR,LFGG,BELFORT-CHAUX,BELFORT,47.7,6.83,0
FR,LFGH,COSNE-SUR-LOIRE,COSNE-COURS-SUR-LOIRE,47.36,2.92,0
FR,LFGI,DIJON-DAROIS,DIJON,47.39,4.95,0
FR,LFGJ,DOLE-TAVAUX,DOLE,47.04,5.44,0
FR,LFGK,JOIGNY,JOIGNY,47.99,3.39,0
FR,LFGL,LONS-LE-SAUNIER-COURLAOUX,LONS-LE-SAUNIER,46.68,5.47,0
FR,LFGO,PONT-SUR-YONNE,PONT-SUR-YONNE,48.29,3.25,0
FR,LFGP,ST-FLORENTIN-CHEU,ST-FLORENTIN,47.98,3.78,0
FR,LFGQ,SEMUR-EN-AUXOIS,SEMUR-EN-AUXOIS,47.48,4.34,0
FR,LFGS,LONGUYON-VILLETTE,LONGUYON,49.48,5.57,0
FR,LFGT,SARREBOURG-BUHL,SARREBOURG,48.72,7.08,0
FR,LFGY,ST-DIE-REMOMEIX,ST-DIE-DES-VOSGES,48.27,7.01,0
FR,LFGZ,NUITS-ST-GEORGES,NUITS-ST-GEORGES,47.14,4.97,0
FR,LFHA,ISSOIRE-LE BROC,ISSOIRE,45.51,3.27,0
FR,LFHE,ROMANS-ST-PAUL,ROMANS-SUR-ISERE,45.06,5.1,0
FR,LFHF,RUOMS,RUOMS,44.44,4.33,0
FR,LFHJ,LYON-CORBAS,LYON,45.65,4.91,0
FR,LFHM,MEGEVE,MEGEVE,45.82,6.65,0
FR,LFHO,AUBENAS-ARDECHE MERIDIONALE,AUBENAS,44.54,4.37,0
FR,LFHP,LE PUY-LOUDES,LE PUY-EN-VELAY,45.08,3.76,0
FR,LFHQ,ST-FLOUR-COLTINES,ST-FLOUR,45.08,2.99,0
FR,LFHR,BRIOUDE-BEAUMONT,BRIOUDE,45.32,3.36,0
FR,LFHS,BOURG-CEYZERIAT,BOURG-EN-BRESSE,46.21,5.29,0
FR,LFHU,L'ALPE-D'HUEZ,HUEZ,45.09,6.08,0
FR,LFHV,VILLEFRANCHE-TARARE,VILLEFRANCHE-SUR-SAONE,45.92,4.63,0
FR,LFHX,LAPALISSE-PERIGNY,LAPALISSE,46.25,3.59,0
FR,LFHY,MOULINS-MONTBEUGNY,MOULINS,46.53,3.42,0
FR,LFJA,CHAUMONT-SEMOUTIER,CHAUMONT,48.09,5.05,0
FR,LFJB,MAULEON,MAULEON,46.9,-0.7,0
FR,LFJC,CLAMECY,CLAMECY,47.44,3.51,0
FR,LFJL,METZ-NANCY-LORRAINE,METZ/NANCY,48.98,6.25,0
FR,LFJR,ANGERS-MARCE,ANGERS,47.56,-0.31,0
FR,LFJS,SOISSONS-COURMELLES,SOISSONS,49.35,3.28,0
FR,LFJT,TOURS-LE LOUROUX,TOURS,47.15,0.71,0
FR,LFJU,LURCY-LEVIS,LURCY,46.71,2.94,0
FR,LFJY,CHAMBLEY,CHAMBLEY,49.03,5.88,0
FR,LFKA,ALBERTVILLE,ALBERTVILLE,45.63,6.33,0
FR,LFKB,BASTIA-PORETTA,BASTIA,42.55,9.48,1
FR,LFKC,CALVI-STE-CATHERINE,CALVI,42.52,8.79,0
FR,LFKF,FIGARI-SUD-CORSE,FIGARI,41.5,9.1,1
FR,LFKG,GHISONACCIA-ALZITONE,GHISONACCIA,42.05,9.4,0
FR,LFKJ,AJACCIO-NAPOLEON-BONAPARTE,AJACCIO,41.92,8.8,1
FR,LFKL,LYON-BRINDAS,LYON,45.71,4.7,0
FR,LFKO,PROPRIANO,PROPRIANO,41.66,8.89,0
FR,LFKP,LA TOUR-DU PIN-CESSIEU,LA TOUR-DU-PIN,45.56,5.38,0
FR,LFKR,ST-REMY-DE-MAURIENNE,ST-REMY-DE-MAURIENNE,45.38,6.28,0
FR,LFKS,SOLENZARA,SARI-SOLENZARA,41.93,9.41,0
FR,LFKT,CORTE,CORTE,42.29,9.19,0
FR,LFKX,MERIBEL-ROBERT MERLOZ,LES ALLUES,45.41,6.58,0
FR,LFKY,BELLEY-PEYRIEU,BELLEY,45.69,5.69,0
FR,LFLA,AUXERRE-BRANCHES,AUXERRE,47.85,3.5,0
FR,LFLB,CHAMBERY-AIX-LES-BAINS,CHAMBERY,45.64,5.88,0
FR,LFLC,CLERMONT-FERRAND-AUVERGNE,CLERMONT-FERRAND,45.79,3.16,0
FR,LFLD,BOURGES,BOURGES,47.06,2.37,0
FR,LFLE,CHAMBERY-CHALLES-LES-EAUX,CHAMBERY,45.56,5.98,0
FR,LFLG,GRENOBLE-LE VERSOUD,GRENOBLE,45.22,5.85,0
FR,LFLH,CHALON-CHAMPFORGEUIL,CHALON-SUR-SAONE,46.83,4.82,0
FR,LFLI,ANNEMASSE,ANNEMASSE,46.19,6.27,0
FR,LFLJ,COURCHEVEL,COURCHEVEL,45.4,6.63,0
FR,LFLK,OYONNAX-ARBENT,OYONNAX,46.28,5.67,0
FR,LFLL,LYON-ST-EXUPERY,LYON,45.73,5.08,1
FR,LFLM,MACON-CHARNAY,MACON,46.3,4.8,0
FR,LFLN,ST-YAN,ST-YAN,46.41,4.02,0
FR,LFLO,ROANNE,ROANNE,46.05,4,0
FR,LFLP,ANNECY-MEYTHET,ANNECY,45.93,6.11,0
FR,LFLQ,MONTELIMAR-ANCONE,MONTELIMAR,44.58,4.74,0
FR,LFLS,GRENOBLE-ALPES-ISERE,GRENOBLE,45.36,5.33,0
FR,LFLT,MONTLUCON-DOMERAT,MONTLUCON,46.35,2.57,0
FR,LFLU,VALENCE-CHABEUIL,VALENCE,44.92,4.97,0
FR,LFLV,VICHY-CHARMEIL,VICHY,46.17,3.4,0
FR,LFLW,AURILLAC,AURILLAC,44.9,2.42,0
FR,LFLX,CHATEAUROUX-DEOLS,CHATEAUROUX,46.86,1.72,0
FR,LFLY,LYON-BRON,LYON,45.73,4.94,0
FR,LFLZ,FEURS-CHAMBEON,FEURS,45.71,4.2,0
FR,LFMA,AIX-LES MILLES,AIX-EN-PROVENCE,43.51,5.37,0
FR,LFMC,LE LUC-LE CANNET,LE LUC,43.38,6.39,0
FR,LFMD,CANNES-MANDELIEU,CANNES,43.55,6.95,0
FR,LFME,NIMES-COURBESSAC,NIMES,43.85,4.41,0
FR,LFMF,FAYENCE,FAYENCE,43.61,6.7,0
FR,LFMG,LA MONTAGNE NOIRE,LABECEDE-LAURAGAIS,43.41,1.99,0
FR,LFMH,ST-ETIENNE-LOIRE,ST-ETIENNE,45.53,4.3,0
FR,LFMI,ISTRES-LE-TUBE,ISTRES,43.52,4.92,0
FR,LFMK,CARCASSONNE-SALVAZA,CARCASSONNE,43.22,2.31,0
FR,LFML,MARSEILLE-PROVENCE,MARSEILLE,43.44,5.22,1
FR,LFMN,NICE-COTE D'AZUR,NICE,43.67,7.22,1
FR,LFMO,ORANGE-CARITAT,ORANGE,44.14,4.87,0
FR,LFMP,PERPIGNAN-RIVESALTES,PERPIGNAN,42.74,2.87,0
FR,LFMQ,LE CASTELLET,LE CASTELLET,43.25,5.79,0
FR,LFMR,BARCELONNETTE-ST-PONS,BARCELONNETTE,44.39,6.61,0
FR,LFMS,ALES-CEVENNES,ALES,44.07,4.14,0
FR,LFMT,MONTPELLIER-MEDITERRANEE,MONTPELLIER,43.58,3.96,1
FR,LFMU,BEZIERS-VIAS,BEZIERS,43.32,3.35,0
FR,LFMV,AVIGNON-CAUMONT,AVIGNON,43.91,4.9,0
FR,LFMY,SALON-DE-PROVENCE,SALON-DE-PROVENCE,43.6,5.11,0
FR,LFMZ,LEZIGNAN-CORBIERES,LEZIGNAN-CORBIERES,43.18,2.73,0
FR,LFNA,GAP-TALLARD,GAP,44.46,6.04,0
FR,LFNB,MENDE-BRENOUX,MENDE,44.5,3.53,0
FR,LFNC,MONT-DAUPHIN-ST-CREPIN,MONT-DAUPHIN,44.7,6.6,0
FR,LFNE,SALON-EYGUIERES,SALON-DE-PROVENCE,43.66,5.01,0
FR,LFNF,VINON-MANOSQUE,MANOSQUE,43.74,5.78,0
FR,LFNG,MONTPELLIER-CANDILLARGUES,MONTPELLIER,43.61,4.07,0
FR,LFNH,CARPENTRAS,CARPENTRAS,44.02,5.09,0
FR,LFNN,NARBONNE,NARBONNE,43.19,3.05,0
FR,LFNS,SISTERON-VAUMEILH,SISTERON,44.29,5.93,0
FR,LFNV,VALREAS-VISAN,VALREAS,44.34,4.91,0
FR,LFNZ,LE MAZET-DE-ROMANIN,SAINT-REMY-DE-PROVENCE,43.77,4.89,0
FR,LFOA,AVORD,AVORD,47.06,2.64,0
FR,LFOB,BEAUVAIS-TILLE,BEAUVAIS,49.45,2.11,1
FR,LFOE,EVREUX-FAUVILLE,EVREUX,49.03,1.22,0
FR,LFOH,LE HAVRE-OCTEVILLE,LE HAVRE,49.53,0.09,0
FR,LFOI,ABBEVILLE,ABBEVILLE,50.14,1.83,0
FR,LFOJ,ORLEANS-BRICY,ORLEANS,47.99,1.76,0
FR,LFOK,CHALONS-VATRY,CHALONS-VATRY,48.77,4.21,0
FR,LFOM,LESSAY,LESSAY,49.2,-1.51,0
FR,LFOO,LES SABLES-D'OLONNE-TALMONT,LES SABLES-D'OLONNE,46.48,-1.72,0
FR,LFOP,ROUEN-VALLEE DE SEINE,ROUEN,49.38,1.17,0
FR,LFOQ,BLOIS-LE BREUIL,BLOIS,47.68,1.21,0
FR,LFOR,CHARTRES-METROPOLE,CHARTRES,48.46,1.52,0
FR,LFOT,TOURS-VAL DE LOIRE,TOURS,47.43,0.72,0
FR,LFOU,CHOLET-LE PONTREAU,CHOLET,47.08,-0.88,0
FR,LFOV,LAVAL-ENTRAMMES,LAVAL,48.03,-0.74,0
FR,LFOW,ST-QUENTIN-ROUPY,ST-QUENTIN,49.82,3.21,0
FR,LFOX,ETAMPES-MONDESIR,ETAMPES,48.38,2.07,0
FR,LFOZ,ORLEANS-ST-DENIS-DE-L'HOTEL,ORLEANS,47.9,2.16,0
FR,LFPA,PERSAN-BEAUMONT,PERSAN,49.17,2.31,0
FR,LFPC,CREIL,CREIL,49.25,2.52,0
FR,LFPD,BERNAY-ST-MARTIN,BERNAY,49.1,0.57,0
FR,LFPE,MEAUX-ESBLY,MEAUX,48.93,2.83,0
FR,LFPH,CHELLES-LE PIN,CHELLES,48.9,2.61,0
FR,LFPI,PARIS-ISSY-LES-MOULINEAUX,PARIS-HELIPORT,48.83,2.27,0
FR,LFPL,LOGNES-EMERAINVILLE,LOGNES,48.82,2.62,0
FR,LFPM,MELUN-VILLAROCHE,MELUN,48.61,2.67,0
FR,LFPN,PARIS-SACLAY-VERSAILLES,TOUSSUS-LE-NOBLE,48.75,2.11,0
FR,LFPP,LE PLESSIS-BELLEVILLE,LE PLESSIS-BELLEVILLE,49.11,2.74,0
FR,LFPQ,FONTENAY-TRESIGNY,FONTENAY-TRESIGNY,48.71,2.9,0
FR,LFPR,GUYANCOURT,GUYANCOURT,48.76,2.06,0
FR,LFPT,PONTOISE-CORMEILLES-EN-VEXIN,PONTOISE,49.1,2.04,0
FR,LFPU,MORET-EPISY,MORET-LOING-ET-ORVANNE,48.34,2.8,0
FR,LFPV,VILLACOUBLAY-VELIZY,VELIZY-VILLACOUBLAY,48.77,2.19,0
FR,LFPZ,ST-CYR-L'ECOLE,ST-CYR-L'ECOLE,48.81,2.07,0
FR,LFQA,REIMS-PRUNAY,REIMS,49.21,4.16,0
FR,LFQB,TROYES-BARBEREY,TROYES,48.32,4.02,0
FR,LFQD,ARRAS-ROCLINCOURT,ARRAS,50.32,2.8,0
FR,LFQE,ETAIN-ROUVRES,ETAIN,49.23,5.68,0
FR,LFQF,AUTUN-BELLEVUE,AUTUN,46.97,4.26,0
FR,LFQG,NEVERS-FOURCHAMBAULT,NEVERS,47,3.11,0
FR,LFQH,CHATILLON-SUR-SEINE,CHATILLON-SUR-SEINE,47.85,4.58,0
FR,LFQJ,MAUBEUGE-ELESMES,MAUBEUGE,50.31,4.03,0
FR,LFQL,LENS-BENIFONTAINE,LENS,50.47,2.82,0
FR,LFQM,BESANÇON-LA VEZE,BESANCON,47.21,6.08,0
FR,LFQN,ST-OMER-WIZERNES,ST-OMER,50.73,2.24,0
FR,LFQP,PHALSBOURG-BOURSCHEID,PHALSBOURG,48.77,7.21,0
FR,LFQQ,LILLE-LESQUIN,LILLE,50.56,3.09,1
FR,LFQT,MERVILLE-CALONNE,MERVILLE,50.62,2.64,0
FR,LFQU,SARRE-UNION,SARRE-UNION,48.95,7.08,0
FR,LFQV,CHARLEVILLE-MEZIERES,CHARLEVILLE-MEZIERES,49.79,4.64,0
FR,LFQW,VESOUL-FROTEY,VESOUL,47.64,6.2,0
FR,LFRB,BREST-BRETAGNE,BREST,48.45,-4.42,1
FR,LFRC,CHERBOURG-MAUPERTUS,CHERBOURG,49.65,-1.48,0
FR,LFRD,DINARD-PLEURTUIT-ST-MALO,DINARD,48.59,-2.08,0
FR,LFRE,LA BAULE-ESCOUBLAC,LA BAULE,47.29,-2.35,0
FR,LFRF,GRANVILLE-MONT-ST-MICHEL,GRANVILLE,48.88,-1.56,0
FR,LFRG,DEAUVILLE-NORMANDIE,DEAUVILLE,49.36,0.16,0
FR,LFRH,LORIENT-LANN-BIHOUE,LORIENT,47.76,-3.44,0
FR,LFRI,LA ROCHE-SUR-YON-LES AJONCS,LA ROCHE-SUR-YON,46.7,-1.38,0
FR,LFRJ,LANDIVISIAU,LANDIVISIAU,48.53,-4.15,0
FR,LFRK,CAEN-CARPIQUET,CAEN,49.17,-0.45,0
FR,LFRL,LANVEOC-POULMIC,LANVEOC,48.28,-4.44,0
FR,LFRM,LE MANS-ARNAGE,LE MANS,47.95,0.2,0
FR,LFRN,RENNES-ST-JACQUES,RENNES,48.07,-1.73,0
FR,LFRO,LANNION,LANNION,48.76,-3.47,0
FR,LFRP,PLOERMEL-LOYAT,PLOERMEL,48,-2.38,0
FR,LFRQ,QUIMPER-PLUGUFFAN,QUIMPER,47.98,-4.17,0
FR,LFRS,NANTES-ATLANTIQUE,NANTES,47.16,-1.61,1
FR,LFRT,ST-BRIEUC-ARMOR,ST-BRIEUC,48.54,-2.86,0
FR,LFRU,MORLAIX-PLOUJEAN,MORLAIX,48.6,-3.82,0
FR,LFRV,VANNES-MEUCON,VANNES,47.72,-2.72,0
FR,LFRW,AVRANCHES-LE VAL-ST-PERE,AVRANCHES,48.66,-1.4,0
FR,LFRZ,ST-NAZAIRE-MONTOIR,ST-NAZAIRE,47.31,-2.16,0
FR,LFSB,BALE-MULHOUSE,BALE/MULHOUSE,47.59,7.53,1
FR,LFSC,COLMAR MEYENHEIM,COLMAR,47.92,7.4,0
FR,LFSD,DIJON-LONGVIC,DIJON,47.27,5.09,0
FR,LFSE,EPINAL-DOGNEVILLE,EPINAL,48.21,6.45,0
FR,LFSF,METZ-FRESCATY,METZ/NANCY,49.08,6.13,0
FR,LFSG,EPINAL-MIRECOURT,EPINAL,48.33,6.07,0
FR,LFSH,HAGUENAU,HAGUENAU,48.8,7.82,0
FR,LFSI,ST-DIZIER-ROBINSON,ST-DIZIER,48.63,4.91,0
FR,LFSJ,SEDAN-DOUZY,SEDAN,49.66,5.04,0
FR,LFSL,BRIVE-SOUILLAC,BRIVE,45.04,1.49,0
FR,LFSM,MONTBELIARD-COURCELLES,MONTBELIARD,47.49,6.79,0
FR,LFSN,NANCY-ESSEY,NANCY,48.69,6.23,0
FR,LFSO,NANCY-OCHEY,NANCY,48.58,5.95,0
FR,LFSP,PONTARLIER,PONTARLIER,46.91,6.33,0
FR,LFST,STRASBOURG-ENTZHEIM,STRASBOURG,48.54,7.63,1
FR,LFSU,LANGRES-ROLAMPONT,LANGRES,47.96,5.29,0
FR,LFSW,EPERNAY-PLIVOT,EPERNAY,49,4.09,0
FR,LFSX,LUXEUIL-ST-SAUVEUR,LUXEUIL-LES-BAINS,47.79,6.37,0
FR,LFTF,CUERS-PIERREFEU,CUERS,43.25,6.13,0
FR,LFTG,CANNES,CANNES,43.54,7.04,0
FR,LFTH,TOULON-HYERES,TOULON,43.1,6.15,0
FR,LFTL,CANNES QUAI DU LARGE,CANNES,43.55,7.02,0
FR,LFTM,SERRES-LABATIE-MONTSALEON,SERRES,44.46,5.73,0
FR,LFTW,NIMES-GARONS,NIMES,43.76,4.42,0
FR,LFTZ,ST-TROPEZ-LA MOLE,ST-TROPEZ,43.21,6.48,0
FR,LFXB,SAINTES-THENAC,SAINTES,45.7,-0.64,0
FR,LFXL,MAILLY-LE-CAMP,MAILLY-LE-CAMP,48.67,4.18,0
FR,LFYG,CAMBRAI-NIERGNIES,CAMBRAI,50.14,3.27,0
FR,LFYR,ROMORANTIN-PRUNIERS,ROMORANTIN-LANTHENAY,47.32,1.69,0
FR,FMCZ,MAYOTTE-MARCEL HENRY,DZAOUDZI,-12.81,45.28,0
FR,FMEE,LA REUNION-ROLAND GARROS,ST-DENIS DE LA REUNION,-20.89,55.51,0
FR,FMEP,ST-PIERRE-PIERREFONDS,ST-PIERRE DE LA REUNION,-21.32,55.43,0
FR,SOCA,CAYENNE-FELIX EBOUE,CAYENNE,4.82,-52.36,0
FR,SOGS,GRAND-SANTI,GRAND SANTI,4.28,-54.38,0
FR,SOOA,MARIPASOULA,MARIPASOULA,3.66,-54.04,0
FR,SOOC,CAMOPI,CAMOPI,3.16,-52.34,0
FR,SOOG,ST-GEORGES-DE-L'OYAPOCK,SAINT-GEORGES,3.9,-51.8,0
FR,SOOM,ST-LAURENT-DU-MARONI,ST-LAURENT DU MARONI,5.48,-54.03,0
FR,SOOS,SAUL,SAUL,3.61,-53.2,0
FR,TFFA,LA DESIRADE,DESIRADE,16.3,-61.08,0
FR,TFFB,BASSE-TERRE-LE BAILLIF,BASSE-TERRE,16.01,-61.74,0
FR,TFFC,ST-FRANÇOIS,ST-FRANCOIS,16.26,-61.26,0
FR,TFFF,MARTINIQUE-AIME CESAIRE,FORT DE FRANCE,14.59,-61,0
FR,TFFM,MARIE-GALANTE,GRAND-BOURG,15.87,-61.27,0
FR,TFFR,POINTE-A-PITRE-LE RAIZET,POINTE A PITRE,16.27,-61.53,0
FR,TFFS,LES SAINTES-TERRE-DE-HAUT,TERRE-DE-HAUT,15.86,-61.58,0
FR,LFPG,PARIS-CHARLES DE GAULLE,PARIS,49.01,2.55,1
FR,LFPO,PARIS-ORLY,PARIS,48.72,2.38,1
FR,LFPB,PARIS-LE BOURGET,PARIS-LE BOURGET,48.97,2.44,1